-- DROP TABLES
DROP TABLE IF EXISTS order_item;
DROP TABLE IF EXISTS shopping_cart_item;
DROP TABLE IF EXISTS category_item;
DROP TABLE IF EXISTS track_artist;
DROP TABLE IF EXISTS track;
DROP TABLE IF EXISTS album;
DROP TABLE IF EXISTS artist;
DROP TABLE IF EXISTS `order`;
DROP TABLE IF EXISTS shopping_cart;
DROP TABLE IF EXISTS review;
DROP TABLE IF EXISTS answer;
DROP TABLE IF EXISTS `user`;
DROP TABLE IF EXISTS discount;
DROP TABLE IF EXISTS item;
DROP TABLE IF EXISTS category;
DROP TABLE IF EXISTS surveys;
DROP TABLE IF EXISTS ads;
DROP TABLE IF EXISTS news;

CREATE TABLE Ads (ad_id int NOT NULL AUTO_INCREMENT,image_url varchar(150) NOT NULL,url varchar(150) NOT NULL,active_as_ad_1 bool NOT NULL,active_as_ad_2 bool NOT NULL,CONSTRAINT Ads_pk PRIMARY KEY (ad_id));
CREATE TABLE News (news_id int NOT NULL AUTO_INCREMENT,url varchar(150) NOT NULL,active_news bool NOT NULL,CONSTRAINT news_pk PRIMARY KEY (news_id));
CREATE TABLE album (item_id int NOT NULL,artist_id int NOT NULL,release_date date NOT NULL,label varchar(50) NOT NULL,num_tracks int NOT NULL,CONSTRAINT album_pk PRIMARY KEY (item_id));
CREATE TABLE answer (answer_id int NOT NULL AUTO_INCREMENT,user_id int NOT NULL,survey_id int NOT NULL,answer int NOT NULL,CONSTRAINT answer_pk PRIMARY KEY (answer_id));
CREATE TABLE artist (artist_id int NOT NULL AUTO_INCREMENT,name varchar(50) NOT NULL,CONSTRAINT artist_pk PRIMARY KEY (artist_id));
CREATE TABLE category (category_id int NOT NULL AUTO_INCREMENT,name varchar(30) NOT NULL,CONSTRAINT category_pk PRIMARY KEY (category_id));
CREATE TABLE category_item (item_id int NOT NULL,category_id int NOT NULL,CONSTRAINT category_item_pk PRIMARY KEY (item_id,category_id));
CREATE TABLE item (item_id int NOT NULL AUTO_INCREMENT,item_type varchar(255) NOT NULL,list_price double(6,2) NOT NULL,cost_price double(6,2) NOT NULL,name varchar(50) NOT NULL,picture_path varchar(200) NULL,date_added date NOT NULL,date_removed date NULL,sales_price double(6,2) NULL,CONSTRAINT item_pk PRIMARY KEY (item_id));
CREATE TABLE `order` (order_id int NOT NULL AUTO_INCREMENT,user_id int NOT NULL,subtotal double(8,2) NOT NULL,taxes double(8,2) NOT NULL,grand_total double(8,2) NOT NULL,timestamp date NOT NULL,CONSTRAINT order_pk PRIMARY KEY (order_id));
CREATE TABLE order_item (item_id int NOT NULL,order_id int NOT NULL,price double(6,2) NOT NULL,CONSTRAINT order_item_pk PRIMARY KEY (item_id,order_id));
CREATE TABLE review (review_id int NOT NULL AUTO_INCREMENT, user_id int NOT NULL, item_id int NOT NULL, review_date date NOT NULL, star_rating int NOT NULL, comment varchar(2000) NULL, is_approved bool NOT NULL, CONSTRAINT review_pk PRIMARY KEY (review_id));
CREATE TABLE shopping_cart (shopping_cart_id int NOT NULL AUTO_INCREMENT,user_id int NOT NULL,CONSTRAINT shopping_cart_pk PRIMARY KEY (shopping_cart_id));
CREATE TABLE shopping_cart_item (shopping_cart_id int NOT NULL,item_id int NOT NULL,CONSTRAINT shopping_cart_item_pk PRIMARY KEY (shopping_cart_id,item_id));
CREATE TABLE surveys (survey_id int NOT NULL AUTO_INCREMENT,question varchar(50) NOT NULL,option1 varchar(30) NOT NULL,option2 varchar(30) NOT NULL,option3 varchar(30) NOT NULL,option4 varchar(30) NOT NULL,is_active bool NOT NULL,CONSTRAINT surveys_pk PRIMARY KEY (survey_id));
CREATE TABLE track (item_id int NOT NULL,album_id int NULL,length char(8) NOT NULL,track_num char(2) NULL,songwriters varchar(300) NOT NULL,CONSTRAINT track_pk PRIMARY KEY (item_id));
CREATE TABLE track_artist (track_id int NOT NULL,artist_id int NOT NULL,CONSTRAINT track_artist_pk PRIMARY KEY (track_id,artist_id));
CREATE TABLE user (user_id int NOT NULL AUTO_INCREMENT,email varchar(200) NOT NULL,fname varchar(50) NOT NULL,lname varchar(50) NOT NULL,company varchar(30) NOT NULL,address_1 varchar(50) NOT NULL,address_2 varchar(50) NOT NULL,city varchar(50) NOT NULL,province char(2) NOT NULL,postal_code char(6) NOT NULL,home_phone varchar(20) NOT NULL,cell_phone varchar(20) NOT NULL,hash blob(32) NOT NULL,salt varchar(255) NOT NULL,last_visited_category int NULL,is_manager tinyint(1) null,CONSTRAINT user_pk PRIMARY KEY (user_id));

ALTER TABLE category_item ADD CONSTRAINT Table_22_item FOREIGN KEY Table_22_item (item_id) REFERENCES item (item_id);
ALTER TABLE album ADD CONSTRAINT album_artist FOREIGN KEY album_artist (artist_id) REFERENCES artist (artist_id);
ALTER TABLE album ADD CONSTRAINT album_item FOREIGN KEY album_item (item_id) REFERENCES item (item_id);
ALTER TABLE answer ADD CONSTRAINT answer_surveys FOREIGN KEY answer_surveys (survey_id) REFERENCES surveys (survey_id);
ALTER TABLE answer ADD CONSTRAINT answer_user FOREIGN KEY answer_user (user_id) REFERENCES user (user_id);
ALTER TABLE category_item ADD CONSTRAINT category_item_category FOREIGN KEY category_item_category (category_id) REFERENCES category (category_id);
ALTER TABLE order_item ADD CONSTRAINT order_item_item FOREIGN KEY order_item_item (item_id) REFERENCES item (item_id);
ALTER TABLE order_item ADD CONSTRAINT order_item_order FOREIGN KEY order_item_order (order_id) REFERENCES `order` (order_id);
ALTER TABLE `order` ADD CONSTRAINT order_user FOREIGN KEY order_user (user_id) REFERENCES user (user_id);
ALTER TABLE review ADD CONSTRAINT review_item FOREIGN KEY review_item (item_id) REFERENCES item (item_id);
ALTER TABLE review ADD CONSTRAINT review_user FOREIGN KEY review_user (user_id) REFERENCES user (user_id);
ALTER TABLE shopping_cart_item ADD CONSTRAINT shopping_cart_item_item FOREIGN KEY shopping_cart_item_item (item_id) REFERENCES item (item_id);
ALTER TABLE shopping_cart_item ADD CONSTRAINT shopping_cart_item_shopping_cart FOREIGN KEY shopping_cart_item_shopping_cart (shopping_cart_id) REFERENCES shopping_cart (shopping_cart_id);
ALTER TABLE shopping_cart ADD CONSTRAINT shopping_cart_user FOREIGN KEY shopping_cart_user (user_id) REFERENCES user (user_id);
ALTER TABLE track ADD CONSTRAINT track_album FOREIGN KEY track_album (album_id) REFERENCES album (item_id);
ALTER TABLE track_artist ADD CONSTRAINT track_artist_artist FOREIGN KEY track_artist_artist (artist_id) REFERENCES artist (artist_id);
ALTER TABLE track_artist ADD CONSTRAINT track_artist_track FOREIGN KEY track_artist_track (track_id) REFERENCES track (item_id);
ALTER TABLE track ADD CONSTRAINT track_product FOREIGN KEY track_product (item_id) REFERENCES item (item_id);
ALTER TABLE user ADD CONSTRAINT user_category FOREIGN KEY user_category (last_visited_category) REFERENCES category (category_id);

INSERT INTO `item` VALUES (1,'album',0.95,4.50,'Invasion of Privacy','InvasionOfPrivacy.png','2019-02-13',NULL,NULL),(2,'album',2.64,4.17,'Thank U, Next','ThankUNext.png','2019-02-13',NULL,NULL),(3,'album',3.30,3.52,'Sweetener','Sweetener.png','2019-02-13',NULL,NULL),(4,'album',3.83,0.06,'25','25.png','2019-02-13',NULL,NULL),(5,'album',3.84,1.05,'Vida','Vida.png','2019-02-13',NULL,NULL),(6,'album',1.09,4.87,'Snacks','Snacks.jpg','2019-02-13',NULL,NULL),(7,'album',2.14,0.12,'Blue','Blue.jpg','2019-02-13',NULL,NULL),(8,'album',1.03,0.26,'Peace Is The Mission','PeaceIstheMission.png','2019-02-13',NULL,NULL),(9,'album',1.31,2.48,'Confident','Confident.png','2019-02-13',NULL,NULL),(10,'album',4.56,3.23,'Woodstock','Woodstock.jpg','2019-02-13',NULL,NULL),(11,'album',0.87,1.64,'Spider-Man: Into the Spider-Verse','spidey.jpg','2019-02-13',NULL,NULL),(12,'album',3.53,3.06,'Scorpion','scorpion.jpg','2019-02-13',NULL,NULL),(13,'album',1.06,1.23,'Happier','happier.jpg','2019-02-13',NULL,NULL),(14,'album',3.92,3.23,'Origins','origins.png','2019-02-13',NULL,NULL),(15,'album',3.39,4.69,'Evolve','evolve.jpg','2019-02-13',NULL,NULL),(16,'album',4.94,2.07,'Issa Album','issa.jpg','2019-02-13',NULL,NULL),(17,'album',4.53,1.22,'Versus','versus.jpg','2019-02-13',NULL,NULL),(18,'album',1.48,3.80,'Hands All Over','handsallover.jpg','2019-02-13',NULL,NULL),(19,'album',3.15,4.13,'Thriller','thriller.jpg','2019-02-13',NULL,NULL),(20,'album',2.52,1.05,'Rock or Bust','rockorbust.jpg','2019-02-13',NULL,NULL),(21,'album',2.22,1.51,'Gangsta\'s Paradise','gangstasparadise.jpg','2019-02-13',NULL,NULL),(22,'album',1.41,4.36,'Night Visions','nightvisions.jpg','2019-02-13',NULL,NULL),(23,'album',4.62,2.36,'Beerbongs & Bentleys','beerbongsnbentleys.jpg','2019-02-13',NULL,NULL),(24,'album',4.05,2.14,'Songs from a Secret Garden','secretgarden.jpg','2019-02-13',NULL,NULL),(25,'album',0.81,1.68,'Starboy','starboy.jpg','2019-02-13',NULL,NULL),(26,'album',1.34,3.77,'DAMN.','damn.jpg','2019-02-13',NULL,NULL),(27,'album',3.85,2.47,'Black Panther The Album','blackpanther.jpg','2019-02-13',NULL,NULL),(28,'album',5.00,4.73,'Indestructible','Indestructible_Disturbed.jpg','2019-02-13',NULL,NULL),(29,'album',0.17,3.59,'Hybrid Theory','Linkin-Park_Hybrid-Theory.jpg','2019-02-13',NULL,NULL),(30,'album',2.02,2.35,'The Number of the Beast','Iron-Maiden_Number-Of-Beast.jpg','2019-02-13',NULL,NULL),(31,'album',2.33,1.46,'Powerslave','Iron_Maiden-Powerslave.jpg','2019-02-13',NULL,NULL),(32,'album',3.86,2.23,'Ride the Lightning','Metallica_Ride-the-Lightning.png','2019-02-13',NULL,NULL),(33,'album',0.40,2.29,'Master of Puppets','Metallica_Master-of-Puppets.jpg','2019-02-13',NULL,NULL),(34,'album',0.26,3.33,'Rust in Peace','Megadeth_Rust-In-Peace.jpg','2019-02-13',NULL,NULL),(35,'album',4.85,4.40,'Countdown to Extinction','Megadeth_Countdown-to-Extinction.jpg','2019-02-13',NULL,NULL),(36,'album',2.39,4.82,'Hail to the King','A7X_Hail-to-the-King.png','2019-02-13',NULL,NULL),(37,'album',0.03,2.84,'Toxicity','System-of-a-Down_Toxicity.jpg','2019-02-13',NULL,NULL),(38,'album',0.58,0.03,'Infest','Papa_Roach-Infest.jpg','2019-02-13',NULL,NULL),(39,'album',1.58,0.18,'Sinner','Drowning-Pool_Sinner.jpg','2019-02-13',NULL,NULL),(40,'album',4.25,4.64,'Malibu','malibu.jpg','2019-02-13',NULL,NULL),(41,'album',0.53,2.77,'Greatest Hits','sublime-greatest-hits.jpg','2019-02-13',NULL,NULL),(42,'album',4.20,3.60,'Pretty. Odd.','pretty-odd.jpg','2019-02-13',NULL,NULL),(43,'album',2.06,4.88,'The Dictionary Of Soul','dictionary-of-soul.jpg','2019-02-13',NULL,NULL),(44,'album',3.63,4.30,'Coming Home','coming-home.jpg','2019-02-13',NULL,NULL),(45,'album',2.10,1.97,'Kiddo','kiddo.jpg','2019-02-13',NULL,NULL),(46,'album',4.10,3.68,'s','rumours.jpg','2019-02-13',NULL,NULL),(47,'album',2.93,3.52,'The Sweetest peaches','sweetest-peaches.jpg','2019-02-13',NULL,NULL),(48,'album',1.47,3.09,'Out of the Blue','out-of-the-blue.jpg','2019-02-13',NULL,NULL),(49,'album',1.66,0.09,'I Never Loved A Man The Way I Love You','never-loved-a-man.jpg','2019-02-13',NULL,NULL),(50,'album',2.50,0.50,'Swimming','swimming.jpg','2019-02-13',NULL,NULL),(51,'album',4.30,1.59,'Paramore','paramore.jpg','2019-02-13',NULL,NULL),(52,'album',2.53,2.52,'Notion - EP','notion.png','2019-02-13',NULL,NULL),(53,'album',1.74,0.98,'Number 1\'s','number1.jpg','2019-02-13',NULL,NULL),(54,'album',1.35,0.76,'Rock \'N Soul','rocknsoul.jpg','2019-02-13',NULL,NULL),(55,'album',4.99,0.01,'Santana','santana.jpg','2019-02-13',NULL,NULL),(56,'album',3.97,3.73,'Georgia On My Mind','georgia-on-my-mind.jpg','2019-02-13',NULL,NULL),(57,'album',3.51,4.23,'Ten','ten.jpg','2019-02-13',NULL,NULL),(58,'album',3.32,0.40,'I Put A Spell On You','spell-on-you.jpg','2019-02-13',NULL,NULL),(59,'album',2.23,0.46,'Hello, Dolly!','hello-dolly.jpg','2019-02-13',NULL,NULL),(60,'album',3.43,1.09,'Mama\'s Gun','mamas-gun.jpg','2019-02-13',NULL,NULL),(61,'album',4.58,0.46,'Nathaniel Rateliff & The Night Sweats','nightsweats.jpg','2019-02-13',NULL,NULL),(62,'album',4.55,3.24,'Lady Lady','lady-lady.jpg','2019-02-13',NULL,NULL),(63,'album',1.09,4.83,'Half The City','half-the-city.jpg','2019-02-13',NULL,NULL),(64,'album',3.60,4.93,'Dock Of The Bay Sessions','dock-of-the-bay-sessions.jpg','2019-02-13',NULL,NULL),(65,'track',9.62,1.12,'Come Down','malibu.jpg','2019-02-13',NULL,NULL),(66,'track',2.78,1.33,'Santeria','sublime-greatest-hits.jpg','2019-02-13',NULL,NULL),(67,'track',3.20,4.77,'Nine In The Afternoon','pretty-odd.jpg','2019-02-13',NULL,NULL),(68,'track',9.01,1.16,'Try A Little Tenderness','dictionary-of-soul.jpg','2019-02-13',NULL,NULL),(69,'track',9.94,1.00,'River','coming-home.jpg','2019-02-13',NULL,NULL),(70,'track',7.44,6.13,'Figures','kiddo.jpg','2019-02-13',NULL,NULL),(71,'track',0.84,4.95,'The Chain','rumours.jpg','2019-02-13',NULL,NULL),(72,'track',3.45,7.64,'Something\'s Got A Hold On Me','sweetest-peaches.jpg','2019-02-13',NULL,NULL),(73,'track',4.02,1.17,'Mr. Blue Sky','out-of-the-blue.jpg','2019-02-13',NULL,NULL),(74,'track',2.21,5.48,'Respect','never-loved-a-man.jpg','2019-02-13',NULL,NULL),(75,'track',7.91,2.68,'What\'s The Use?','swimming.jpg','2019-02-13',NULL,NULL),(76,'track',1.81,8.94,'Ain\'t It Fun','paramore.jpg','2019-02-13',NULL,NULL),(77,'track',8.42,7.57,'Notion','notion.png','2019-02-13',NULL,NULL),(78,'track',2.52,7.19,'Sir Duke','number1.jpg','2019-02-13',NULL,NULL),(79,'track',2.66,5.93,'Can\'t Nobody Love You','rocknsoul.jpg','2019-02-13',NULL,NULL),(80,'track',9.25,6.76,'Treat','santana.jpg','2019-02-13',NULL,NULL),(81,'track',2.45,6.09,'You Send Me',NULL,'2019-02-13',NULL,NULL),(82,'track',4.30,9.57,'Georgia On My Mind','georgia-on-my-mind.jpg','2019-02-13',NULL,NULL),(83,'track',9.83,6.75,'Black','ten.jpg','2019-02-13',NULL,NULL),(84,'track',2.65,4.52,'Feeling Good','spell-on-you.jpg','2019-02-13',NULL,NULL),(85,'track',0.00,8.53,'Moon River','hello-dolly.jpg','2019-02-13',NULL,NULL),(86,'track',3.79,3.79,'Sunflower','spidey.jpg','2019-02-13',NULL,NULL),(87,'track',4.28,7.99,'In My Feelings','scorpion.jpg','2019-02-13',NULL,NULL),(88,'track',1.29,5.36,'Happier','happier.jpg','2019-02-13',NULL,NULL),(89,'track',4.28,7.72,'God\'s Plan','scorpion.jpg','2019-02-13',NULL,NULL),(90,'track',4.38,1.63,'Natural','origins.png','2019-02-13',NULL,NULL),(91,'track',2.37,4.33,'Thunder','evolve.jpg','2019-02-13',NULL,NULL),(92,'track',5.65,4.84,'Bank Account','issa.jpg','2019-02-13',NULL,NULL),(93,'track',9.49,5.26,'DJ Got Us Fallin In Love','versus.jpg','2019-02-13',NULL,NULL),(94,'track',0.13,5.35,'Moves like Jagger','handsallover.jpg','2019-02-13',NULL,NULL),(95,'track',3.24,6.78,'Billie Jean','thriller.jpg','2019-02-13',NULL,NULL),(96,'track',5.91,7.91,'Beat It','thriller.jpg','2019-02-13',NULL,NULL),(97,'track',8.34,4.37,'Rock or Bust','rockorbust.jpg','2019-02-13',NULL,NULL),(98,'track',3.84,1.19,'Gangsta\'s Paradise','gangstasparadise.jpg','2019-02-13',NULL,NULL),(99,'track',1.25,0.56,'Believer','evolve.jpg','2019-02-13',NULL,NULL),(100,'track',4.36,5.16,'Radioactive','nightvisions.jpg','2019-02-13',NULL,NULL),(101,'track',0.79,4.74,'Demons','nightvisions.jpg','2019-02-13',NULL,NULL),(102,'track',4.52,3.89,'Fallen','nightvisions.jpg','2019-02-13',NULL,NULL),(103,'track',7.39,3.28,'On Top Of The World','nightvisions.jpg','2019-02-13',NULL,NULL),(104,'track',5.35,1.30,'Rockstar','beerbongsnbentleys.jpg','2019-02-13',NULL,NULL),(105,'track',3.10,4.74,'Adagio','secretgarden.jpg','2019-02-13',NULL,NULL),(106,'track',4.92,5.94,'Starboy','starboy.jpg','2019-02-13',NULL,NULL),(107,'track',2.42,1.80,'I Feel It Coming','starboy.jpg','2019-02-13',NULL,NULL),(108,'track',1.42,6.81,'HUMBLE.','damn.jpg','2019-02-13',NULL,NULL),(109,'track',1.61,0.79,'DNA.','damn.jpg','2019-02-13',NULL,NULL),(110,'track',1.43,1.40,'All The Stars','blackpanther.jpg','2019-02-13',NULL,NULL),(111,'track',4.57,2.10,'Orange Moon','mamas-gun.jpg','2019-02-13',NULL,NULL),(112,'track',6.17,4.93,'S.O.B.','nightsweats.jpg','2019-02-13',NULL,NULL),(113,'track',1.88,3.66,'Tadow','lady-lady.jpg','2019-02-13',NULL,NULL),(114,'track',2.03,8.44,'Broken Bones & Pocket Change','half-the-city.jpg','2019-02-13',NULL,NULL),(115,'track',4.03,0.46,'Hard To Handle','dock-of-the-bay-sessions.jpg','2019-02-13',NULL,NULL),(116,'track',1.58,6.15,'Inside the Fire','Indestructible_Disturbed.jpg','2019-02-13',NULL,NULL),(117,'track',8.25,6.47,'Perfect Insanity','Indestructible_Disturbed.jpg','2019-02-13',NULL,NULL),(118,'track',7.21,3.48,'Indestructible','Indestructible_Disturbed.jpg','2019-02-13',NULL,NULL),(119,'track',5.35,4.10,'The Night','Indestructible_Disturbed.jpg','2019-02-13',NULL,NULL),(120,'track',6.95,5.60,'One Step Closer','Linkin-Park_Hybrid-Theory.jpg','2019-02-13',NULL,NULL),(121,'track',4.89,3.70,'Crawling','Linkin-Park_Hybrid-Theory.jpg','2019-02-13',NULL,NULL),(122,'track',3.40,4.26,'Papercut','Linkin-Park_Hybrid-Theory.jpg','2019-02-13',NULL,NULL),(123,'track',9.73,9.47,'In the End','Linkin-Park_Hybrid-Theory.jpg','2019-02-13',NULL,NULL),(124,'track',7.22,9.21,'Run to the Hills','Iron-Maiden_Number-Of-Beast.jpg','2019-02-13',NULL,NULL),(125,'track',9.61,1.05,'The Number of the Beast','Iron-Maiden_Number-Of-Beast.jpg','2019-02-13',NULL,NULL),(126,'track',0.48,8.00,'2 Minutes to Midnight','Iron_Maiden-Powerslave.jpg','2019-02-13',NULL,NULL),(127,'track',7.77,5.70,'Aces High','Iron_Maiden-Powerslave.jpg','2019-02-13',NULL,NULL),(128,'track',3.65,8.96,'Creeping Death','Metallica_Ride-the-Lightning.png','2019-02-13',NULL,NULL),(129,'track',3.92,8.58,'Master of Puppets','Metallica_Master-of-Puppets.jpg','2019-02-13',NULL,NULL),(130,'track',7.91,2.87,'Holy Wars... The Punishment Due','Megadeth_Rust-In-Peace.jpg','2019-02-13',NULL,NULL),(131,'track',8.36,4.03,'Hangar 18','Megadeth_Rust-In-Peace.jpg','2019-02-13',NULL,NULL),(132,'track',6.56,4.38,'Symphony of Destruction','Megadeth_Countdown-to-Extinction.jpg','2019-02-13',NULL,NULL),(133,'track',0.33,9.51,'Sweating Bullets','Megadeth_Countdown-to-Extinction.jpg','2019-02-13',NULL,NULL),(134,'track',0.45,2.77,'Skin o\' My Teeth','Megadeth_Countdown-to-Extinction.jpg','2019-02-13',NULL,NULL),(135,'track',8.73,3.05,'Hail to the King','A7X_Hail-to-the-King.png','2019-02-13',NULL,NULL),(136,'track',2.44,2.64,'Shepherd of Fire','A7X_Hail-to-the-King.png','2019-02-13',NULL,NULL),(137,'track',8.04,0.69,'This Means War','A7X_Hail-to-the-King.png','2019-02-13',NULL,NULL),(138,'track',0.56,8.50,'Chop Suey!','System-of-a-Down_Toxicity.jpg','2019-02-13',NULL,NULL),(139,'track',1.39,8.40,'Last Resort','Papa_Roach-Infest.jpg','2019-02-13',NULL,NULL),(140,'track',0.92,5.65,'Bodies','Drowning-Pool_Sinner.jpg','2019-02-13',NULL,NULL),(141,'track',9.72,7.74,'Imagine','ThankUNext.png','2019-02-13',NULL,NULL),(142,'track',9.63,7.36,'7 Rings','ThankUNext.png','2019-02-13',NULL,NULL),(143,'track',9.56,7.54,'I Like It','InvasionOfPrivacy.png','2019-02-13',NULL,NULL),(144,'track',4.89,1.96,'Bodak Yellow','InvasionOfPrivacy.png','2019-02-13',NULL,NULL),(145,'track',0.33,1.15,'No Tear Left To Cry','Sweetener.png','2019-02-13',NULL,NULL),(146,'track',5.23,2.21,'God Is A Woman','Sweetener.png','2019-02-13',NULL,NULL),(147,'track',6.71,6.27,'Breathin','Sweetener.png','2019-02-13',NULL,NULL),(148,'track',1.09,0.44,'Leon On','PeaceIstheMission.png','2019-02-13',NULL,NULL),(149,'track',8.49,1.76,'Hello','25.png','2019-02-13',NULL,NULL),(150,'track',6.39,5.56,'When We Were Young','25.png','2019-02-13',NULL,NULL),(151,'track',2.04,0.77,'Send My Love (To Your New Lover)','25.png','2019-02-13',NULL,NULL),(152,'track',9.95,8.89,'Despacito','Vida.png','2019-02-13',NULL,NULL),(153,'track',8.84,9.97,'Calypso','Vida.png','2019-02-13',NULL,NULL),(154,'track',7.46,4.25,'Échame la Culpa','Vida.png','2019-02-13',NULL,NULL),(155,'track',4.15,5.60,'Stone Cold','Confident.png','2019-02-13',NULL,NULL),(156,'track',8.62,3.07,'Ring Ring','Snacks.jpg','2019-02-13',NULL,NULL),(157,'track',3.97,6.23,'Breath','Snacks.jpg','2019-02-13',NULL,NULL),(158,'track',9.83,5.68,'You Don\'t Know Me','Snacks.jpg','2019-02-13',NULL,NULL),(159,'track',8.05,3.05,'By Your Side','Blue.jpg','2019-02-13',NULL,NULL),(160,'track',9.89,0.89,'Stains Of Effort',NULL,'2019-02-13',NULL,NULL),(161,'track',4.37,1.42,'Snowe',NULL,'2019-02-13',NULL,NULL),(162,'track',3.28,3.65,'WWW',NULL,'2019-02-13',NULL,NULL),(163,'track',6.95,0.69,'Feel It Still','Woodstock.jpg','2019-02-13',NULL,NULL),(164,'track',9.54,5.00,'Thank U, Next','ThankUNext.png','2019-02-13',NULL,NULL),(165,'track',6.95,0.69,'Back To You',NULL,'2019-02-13',NULL,NULL);
INSERT INTO `category` VALUES (1,'Hip-Hop'),(2,'House'),(3,'Pop'),(4,'Soul'),(5,'Rock'),(6,'Blues'),(7,'Alternative'),(8,'R&B'),(9,'Jazz'),(10,'Rap'),(11,'Indie'),(12,'Synth-pop'),(13,'Funk'),(14,'Electronic'),(15,'Classical'),(16,'Disco'),(17,'Gospel'),(18,'Metal'),(19,'EDM'),(20,'Reggaeton');
INSERT INTO `category_item` VALUES (1,1),(12,1),(16,1),(21,1),(23,1),(26,1),(40,1),(50,1),(65,1),(75,1),(87,1),(92,1),(98,1),(104,1),(108,1),(109,1),(143,1),(144,1),(6,2),(7,2),(156,2),(157,2),(158,2),(159,2),(2,3),(3,3),(4,3),(9,3),(10,3),(11,3),(12,3),(13,3),(17,3),(18,3),(19,3),(22,3),(23,3),(25,3),(27,3),(42,3),(66,3),(67,3),(81,3),(86,3),(88,3),(93,3),(94,3),(95,3),(99,3),(101,3),(102,3),(103,3),(107,3),(110,3),(141,3),(142,3),(145,3),(146,3),(147,3),(164,3),(165,3),(4,4),(40,4),(43,4),(44,4),(45,4),(47,4),(49,4),(53,4),(54,4),(56,4),(58,4),(60,4),(61,4),(62,4),(63,4),(64,4),(65,4),(68,4),(69,4),(70,4),(72,4),(74,4),(78,4),(79,4),(81,4),(82,4),(84,4),(111,4),(112,4),(113,4),(114,4),(115,4),(149,4),(150,4),(151,4),(155,4),(19,5),(20,5),(22,5),(28,5),(36,5),(42,5),(46,5),(48,5),(54,5),(55,5),(57,5),(63,5),(64,5),(66,5),(71,5),(73,5),(79,5),(80,5),(83,5),(96,5),(97,5),(99,5),(100,5),(101,5),(102,5),(103,5),(114,5),(115,5),(47,6),(72,6),(14,7),(41,7),(51,7),(52,7),(66,7),(76,7),(77,7),(90,7),(100,7),(116,7),(138,7),(139,7),(2,8),(3,8),(4,8),(12,8),(17,8),(23,8),(25,8),(40,8),(44,8),(45,8),(47,8),(49,8),(54,8),(56,8),(58,8),(63,8),(65,8),(69,8),(70,8),(72,8),(74,8),(79,8),(81,8),(82,8),(84,8),(95,8),(106,8),(113,8),(114,8),(55,9),(58,9),(59,9),(80,9),(84,9),(85,9),(113,9),(21,10),(27,10),(29,10),(50,10),(75,10),(87,10),(89,10),(92,10),(104,10),(110,10),(122,10),(123,10),(139,10),(160,10),(161,10),(162,10),(14,11),(90,11),(15,12),(91,12),(19,13),(21,13),(62,13),(95,13),(113,13),(163,13),(100,14),(106,14),(24,15),(105,15),(19,16),(107,16),(61,17),(112,17),(28,18),(29,18),(30,18),(31,18),(32,18),(33,18),(34,18),(35,18),(36,18),(37,18),(38,18),(39,18),(116,18),(117,18),(118,18),(119,18),(120,18),(121,18),(122,18),(123,18),(124,18),(125,18),(126,18),(127,18),(128,18),(129,18),(130,18),(131,18),(132,18),(133,18),(134,18),(135,18),(136,18),(137,18),(138,18),(139,18),(140,18),(8,19),(148,19),(5,20),(8,20),(152,20),(153,20),(154,20);
INSERT INTO `artist` VALUES (1,'Anderson .Paak'),(2,'Sublime'),(3,'Panic! At The Disco'),(4,'Otis Redding'),(5,'Leon Bridge'),(6,'Jessie Reyez'),(7,'Fleetwood Mac'),(8,'Etta James'),(9,'ELO'),(10,'Aretha Franklin'),(11,'Mac Miller'),(12,'Paramore'),(13,'Tash Sultana'),(14,'Stevie Wonder'),(15,'Solomon Burke'),(16,'Santana'),(17,'Sam Cooke'),(18,'Ray Charles'),(19,'Pearl Jam'),(20,'Nina Simone'),(21,'Louis Armstrong'),(22,'Post Malone'),(23,'Drake'),(24,'Marshmellow'),(25,'Imagine Dragons'),(26,'21 Savage'),(27,'Usher'),(28,'Maroon 5'),(29,'Michael Jackson'),(30,'AC/DC'),(31,'Coolio'),(32,'Secret Garden'),(33,'The Weeknd'),(34,'Kendrick Lamar'),(35,'Erykah Badu'),(36,'Nathaniel Rateliff & The Night Sweats'),(37,'Masego'),(38,'St. Paul & The Broken Bones'),(39,'Disturbed'),(40,'Linkin Park'),(41,'Iron Maiden'),(42,'Metallica'),(43,'Megadeth'),(44,'Avenged Sevenfold'),(45,'System of a Down'),(46,'Papa Roach'),(47,'Drowning Pool'),(48,'Ariana Grande'),(49,'Cardi B'),(50,'Major Lazer'),(51,'Adele'),(52,'Luis Fonsi '),(53,'Demi Lovato'),(54,'Jax Jones'),(55,'Jonas Blue'),(56,'MiQ'),(57,'Portugal. The Man'),(58,'Selena Gomez'),(59,'Stefflon Don'),(60,'Daddy Yankee'),(61,'Lina'),(62,'Raye'),(63,'Ina Wroldsen'),(64,'Mabel'),(65,'MØ'),(66,'DJ Snake'),(67,'J Balvin'),(68,'Bad Bunny'),(69,'FKJ'),(70,'SZA'),(71,'Daft Punk'),(72,'Christina Aguilera'),(73,'Swae Lee'),(74,'Bastille');
INSERT INTO `album` VALUES (1,49,'2018-04-05','Atlantic Records',2),(2,48,'2019-02-02','Republic Records',3),(3,48,'2019-08-17','Republic Records',3),(4,51,'2015-11-20','Colombia Records',3),(5,52,'2019-02-01','Universal Music Latino Records',3),(6,54,'2018-11-28','Universal Records',3),(7,55,'2018-11-09','Positiva Records',1),(8,50,'2015-06-01','Mad Decent',1),(9,53,'2015-10-15','Hollywood',1),(10,57,'2017-06-16','Atlantic Records',1),(11,22,'2018-12-14','Republic Records',1),(12,23,'2018-06-29','Young Money Entertainment',2),(13,24,'2018-08-17','Astralwerks',1),(14,25,'2018-11-09','Republic Records',1),(15,25,'2017-06-23','Republic Records',2),(16,26,'2017-07-07','Epic Records',1),(17,27,'2010-07-20','LaFace',1),(18,28,'2010-09-15','A&M Octone',1),(19,29,'1982-11-30','Epic Records',2),(20,30,'2014-11-28','Columbia Records',1),(21,31,'1995-11-21','Warner Bros',1),(22,25,'2012-09-04','Interscope Records',4),(23,22,'2018-04-27','Republic Records',1),(24,32,'1995-04-23','Mercury Records',1),(25,33,'2016-11-25','Republic Records',2),(26,34,'2017-04-14','Aftermath Entertainment',2),(27,34,'2018-02-09','Interscope Records',1),(28,39,'2008-06-03','Reprise Records',4),(29,40,'2000-10-24','Warner Bros.',4),(30,41,'1982-03-22','Harvest',2),(31,41,'1984-09-03','Capitol Records',2),(32,42,'1984-07-27','Elektra',1),(33,42,'1986-03-03','Elektra',1),(34,43,'1990-09-24','Capitol Records',2),(35,43,'1992-07-14','Capitol Records',3),(36,44,'2013-08-23','Warner Bros.',3),(37,45,'2001-08-27','American',1),(38,46,'2000-04-25','DreamWorks',1),(39,47,'2001-06-05','Wind-up',1),(40,1,'2016-01-09','Steel Wool Records',1),(41,2,'1996-01-07','MCA Records',1),(42,3,'2008-03-25','Fueled By Ramen',1),(43,4,'1966-11-14','Stax Records',1),(44,5,'2015-06-23','Columbia Records',1),(45,6,'2016-08-26','Universal Island Records',1),(46,7,'1977-02-04','Warner Bros.',1),(47,8,'1963-09-27','Geffen Records',1),(48,9,'1978-01-28','Jet Records',1),(49,10,'1967-04-29','Atlantic Records',1),(50,11,'2018-08-03','Warner Bros.',1),(51,12,'2014-02-04','Fueled By Ramen',1),(52,13,'2016-09-23','Lonely Lands Records',1),(53,14,'1977-03-22','Motown Records',1),(54,15,'1963-01-01','Atlantic Records',1),(55,16,'1969-08-30','Columbia Records',1),(56,18,'1960-09-01','Victor Talking Machine Company',1),(57,19,'1991-08-27','Epic Records',1),(58,20,'1965-01-01','Philips Records',1),(59,21,'1960-09-08','Comet Music',1),(60,35,'2000-11-21','Motown Records',1),(61,36,'2015-08-05','Stax Records',1),(62,37,'2017-10-06','EQT Recordins, LLC',1),(63,38,'2014-02-18','Thirty Tigers',1),(64,4,'1968-06-01','Rhino Atlantic',1);
INSERT INTO `track` VALUES (65,40,'02:57:00','13','Hi-Tek; Anderson .Paak'),(66,41,'03:03:00','3','Bradley Nowell'),(67,42,'03:13:00','16','Ryan Ross; Brendon Urie'),(68,43,'03:22:00','5','Harry M. Woods'),(69,44,'04:00:00','10','Leon Bridges'),(70,45,'04:01:00','4','Jessie Reyez'),(71,46,'04:30:00','7','Lindsey Buckingham; Mick Fleetwood; Christine McVie; John McVie; Stevie Nicks'),(72,47,'02:47:00','5','James Kirkland; Leroy Kirkland; Pearl Woods'),(73,48,'05:03:00','13','Jeff Lynne'),(74,49,'02:28:00','1','Otis Redding'),(75,50,'04:49:00','3','David McCormick; Damon Riddick; Calvin Broadus; Stephen Bruner'),(76,51,'04:57:00','6','Hayley Williams; Taylor York'),(77,52,'05:41:00','3','Tash Sultana'),(78,53,'03:53:00','12','Stevie Wonder'),(79,54,'02:34:00','5','Danny Orton'),(80,55,'04:43:00','7','Carlos Santana; Gregg Rolie; David Brown; Michael Shrieve; Jose Areas; Micheal Carabello'),(81,NULL,'02:46:00',NULL,'Sam Cooke; L.C. Cooke'),(82,56,'03:37:00','1','Hoagy Carmichael'),(83,57,'05:43:00','5','Eddie Vedder; Stone Gossard'),(84,58,'02:54:00','7','Anthony Newley; Leslie Bricusse'),(85,59,'02:27:00','1','Henry Mancini'),(86,11,'02:39:00','2','Austin Richard Post; Khalif Malik ibn Shaman Brown; Carter Lang; Billy Walsh; Louis Bell'),(87,12,'03:37:00','21','Aubrey Graham; Benny Workman; Darius Harrison'),(88,13,'03:34:00','1','Christopher Comstock; Dan Smith; Steve Mac'),(89,12,'03:18:00','5','Aubrey Graham; Ronald LaTour; Daveon Jackson; Matthew Samuels; Noah Shebib'),(90,14,'03:09:00','1','Mattias Larsson; Dan Reynolds; Ben McKee; Justin Drew Tanter; Daniel Platzman; Wayne Sermon; Robin Fredriksson'),(91,15,'03:07:00','10','Dan Reynolds; Wayne Sermon; Ben McKee; Daniel Platzman; Alexander Grant; Jayson DeZuzio'),(92,16,'03:40:00','2','Shayaa Abraham-Joseph; Leland Wayne'),(93,17,'03:40:00','2','Max Martin; Shellback; Savan Kotecha; Pitbull'),(94,18,'03:21:00','4','Adam Levine; Benny Blanco; Ammar Malik; Shellback'),(95,19,'04:54:00','6','Michael Jackson'),(96,19,'04:18:00','5','Michael Jackson'),(97,20,'03:03:00','1','Angus Young; Malcolm Young'),(98,21,'04:00:00','3','Artis Ivey Jr.; Larry Sanders; Doug Rasheed; Stevie Wonder'),(99,15,'03:23:00','4','Dan Reynolds; Wayne Sermon; Ben McKee; Daniel Platzman; Robin Fredriksson; Mattias Larsson; Justin Tranter'),(100,22,'03:07:00','1','Alexander Grant; Ben McKee; Josh Mosser; Daniel Platzman; Dan Reynolds; Wayne Sermon'),(101,22,'02:56:00','4','Alexander Grant; Ben McKee; Josh Mosser; Daniel Platzman; Dan Reynolds; Adam Baachaoui; Wayne Sermon'),(102,22,'03:09:00','13','Alexander Grant; Ben McKee; Josh Mosser; Daniel Platzman; Dan Reynolds; Adam Baachaoui; Wayne Sermon'),(103,22,'03:11:00','5','Alexander Grant; Ben McKee; Dan Platzman; Dan Reynolds; Wayne Sermon'),(104,23,'03:38:00','6','Austin Richard Post; Shayaa Abraham-Joseph; Louis Bell; Carl Austin Rosen; Jo Vaughn Virginie; Olufunmibi Awoshiley'),(105,24,'02:55:00','9','Rolf Lovland'),(106,25,'03:50:00','1','Abel Tesfaye; Guy-Manuel De Homem-Christo; Thomas Bangalter; Martin McKinney; Henry Walter; Jason Quenneville'),(107,25,'04:29:00','18','Abel Tesfaye; Daft Punk; Doc McKinney; Cirkut'),(108,26,'02:57:00','8','Kendrick Lamar; Micheal Williams II'),(109,26,'03:06:00','2','Kendrick Lamar; Micheal Williams II'),(110,27,'03:52:00','2','Kendrick Lamar; Mark Spears; Al Shuckbrugh; Solana Rowe'),(111,60,'07:10:00','10','Erykah Badu; Eugene Young; Shaun Martin'),(112,61,'04:08:00','5','‎Nathaniel Rateliff'),(113,62,'05:02:00','13','Davis; Vincent Fenton'),(114,63,'03:47:00','6','Paul Janeway'),(115,64,'02:21:00','3','Otis Redding; Allen Jones'),(116,28,'03:52:00','2','Dan Donegan; David Draiman; Mike Wengren'),(117,28,'03:57:00','5','Steve Kmak; Dan Donegan; Mike Wengren; David Draiman'),(118,28,'04:38:00','1','Dan Donegan; Mike Wengren; David Draiman'),(119,28,'04:46:00','4','Dan Donegan; Mike Wengren; David Draiman'),(120,29,'02:38:00','2','Linkin Park'),(121,29,'03:28:00','5','Linkin Park'),(122,29,'03:05:00','1','Linkin Park'),(123,29,'03:36:00','8','Linkin Park'),(124,30,'03:51:00','6','Steve Harris'),(125,30,'04:49:00','5','Steve Harris'),(126,31,'06:04:00','2','Adrian Smith; Bruce Dickinson'),(127,31,'04:31:00','1','Steve Harris'),(128,32,'06:36:00','7','James Hetfield; Lars Ulrich; Cliff Burton; Kirk Hammett'),(129,33,'08:36:00','2','James Hetfield; Lars Ulrich; Cliff Burton; Kirk Hammett'),(130,34,'06:32:00','1','Dave Mustaine'),(131,34,'05:14:00','2','Dave Mustaine'),(132,35,'04:07:00','2','Dave Mustaine'),(133,35,'04:29:00','5','Dave Mustaine'),(134,35,'03:14:00','1','Dave Mustaine'),(135,36,'05:05:00','2','Avenged Sevenfold'),(136,36,'05:25:00','1','Avenged Sevenfold'),(137,36,'06:09:00','4','Avenged Sevenfold'),(138,37,'03:30:00','6','Daron Malakian; John Dolmayan; Serj Tankian; Shavo Odadjian'),(139,38,'03:20:00','2','Jacoby Shaddix; Tobin Esperance'),(140,39,'03:24:00','2','Stevie Benton; Mike Luce; C.J. Pierce; Dave Williams'),(141,2,'03:32:00','1','Andrew Wansel, Ariana Grande, Jameel Roberts, Nathan Perez, Priscilla Renea'),(142,2,'02:58:00','10','Ariana Grande, Charles Anderson, Kimberly Krysiuk, Michael Foster, Njomza Vitia, Oscar Hammerstein II, Richard Rodgers, Tayla Parx, Tommy Brown, Victoria Monét'),(143,1,'04:13:00','7','Belcalis Almanzar; Benito Ocasio; José Osorio; Tony Pabón; Manny Rodriguez; Benny Bonilla; Edgar Machucha ;Edgar Vargas; Klenord Raphael ;Jordan Thorpe ;Luian Malave ;Marcos Masis ;Noah Assad ;Vincent Watson; Xavier Vargas; Anthony White'),(144,1,'03:43:00','4','Belcalis Almanzar; Dieuson Octave; Klenord Raphael; Jordan Thorpe; Anthony White'),(145,3,'03:26:00','10','Ariana Grande; Max Martin; Savan Kotecha; Ilya Salmanzadeh'),(146,3,'03:17:00','5','Ariana Grande; Ilya Salmanzadeh; Max Martin; Savan Kotecha; Rickard Göransson'),(147,3,'03:18:00','9','riana Grande; Savan Kotecha; Ilya Salmanzadeh; Peter Svensson'),(148,8,'02:56:00','4','Karen Marie Ørsted; Thomas Pentz; William Grigahcine; Philip Meckseper'),(149,4,'04:55:00','1','Adele Adkins; Greg Kurstin'),(150,4,'04:50:00','4','Adele Adkins; Tobias Jesso Jr.'),(151,4,'03:41:00','2','Adele Adkins; Max Martin; Shellback'),(152,5,'03:47:00','9','Luis Rodríguez; Erika Ender; Ramón Ayala'),(153,5,'03:19:00','11','Luis Fonsi; Dyo; Mauricio Rengifo;Andrés Torres; Stefflon Don'),(154,5,'02:53:00','7','Luis Fonsi Alejandro Rengifo Mauricio Rengifo Andrés Torres'),(155,9,'03:11:00','5','Demi Lovato; Laleh Pourkarim ;Gustaf Thörn'),(156,6,'03:37:00','5','Timucin Aluo; Marlon Roudette; Mark Ralph; Uzoechi Emenike;Mabel McVey; Camille Purcell'),(157,6,'03:27:00','2','Timucin Aluo; Fred Gibson; Uzoechi Emenike ; Ina Wroldsen; William Clarke'),(158,6,'03:33:00','3','Walter Merziger ;Arno Kammermeier ;Peter Hayo ; Patrick Bodmer; Uzoechi Emenike; Phil D.; YoungTimucin Lam; Janee Bennett ;Rachel Keen'),(159,7,'03:21:00','7','Guy James Robin;Grace Barker;Jason Pebworth;George Astasio;Jon Shave'),(160,NULL,'03:24:00',NULL,'MiQ'),(161,NULL,'03:46:00',NULL,'MiQ'),(162,NULL,'03:17:00',NULL,'MiQ'),(163,10,'02:47:00','4','Robert Bateman; Zachary Scott; Carothers Freddie; Gorman John; Baldwin Gourley; John Hill; Brian Holland ;Eric Andrew ;Howk Kyle O''Quin ;Jason Wade Sechrist; Asa Taccone'),(164,2,'03:27:00','11','Ariana Grande; Charles Anderson; Michael Foster; Tayla Parx; Tommy Brown; Victoria McCants'),(165,NULL,'03:27:00',NULL,'Amy Allen; Parrish Warrington; Diederik Van Elsas; Micah Premnath; Selena Gomez');
INSERT INTO `track_artist` VALUES (65,1),(66,2),(67,3),(68,4),(115,4),(69,5),(70,6),(71,7),(72,8),(73,9),(74,10),(75,11),(76,12),(77,13),(78,14),(79,15),(80,16),(81,17),(82,18),(83,19),(84,20),(85,21),(86,22),(104,22),(87,23),(89,23),(88,24),(90,25),(91,25),(99,25),(100,25),(101,25),(102,25),(103,25),(92,26),(104,26),(93,27),(94,28),(95,29),(96,29),(97,30),(98,31),(105,32),(106,33),(107,33),(108,34),(109,34),(110,34),(111,35),(112,36),(113,37),(114,38),(116,39),(117,39),(118,39),(119,39),(120,40),(121,40),(122,40),(123,40),(124,41),(125,41),(126,41),(127,41),(128,42),(129,42),(130,43),(131,43),(132,43),(133,43),(134,43),(135,44),(136,44),(137,44),(138,45),(139,46),(140,47),(141,48),(142,48),(145,48),(146,48),(147,48),(164,48),(143,49),(144,49),(148,50),(149,51),(150,51),(151,51),(152,52),(153,52),(154,52),(154,53),(155,53),(156,54),(157,54),(158,54),(159,55),(160,56),(161,56),(162,56),(163,57),(165,58),(153,59),(152,60),(160,61),(161,61),(158,62),(159,62),(157,63),(156,64),(148,65),(148,66),(143,67),(143,68),(113,69),(110,70),(107,71),(94,72),(86,73),(88,74);
INSERT INTO `surveys` VALUES (1,'What is your favorite genre?','Pop','Rock','Jazz','Classical',1), (2,'Test','1','2','3','4',0);
INSERT INTO `user` VALUES (2,'PatriciaMBachman@rhyta.com','Patricia','Bachman','','2984 Speers Road','','Brampton','QC','L6W3H6','905-595-4094','',0x9B6899507CFA312BC43682999C804EFBB71E99C208CC8CC7398B87D38B0D81B8,'1060272312101902242533526336907492863976323',NULL,1),(3,'GinaCHenson@dayrep.com','Gina','Henson','','4595 Heritage Drive','','Calgary','AB','T2V2W2','403-828-6031','',0x9B6899507CFA312BC43682999C804EFBB71E99C208CC8CC7398B87D38B0D81B8,'1060272312101902242533526336907492863976323',NULL,0),(4,'AndreaDSmith@jourrapide.com','Andrea','Smith','','3959 Blue Rocks Road','','Mahone Bay','NS','B0J2C0','902-531-7218','',0x9B6899507CFA312BC43682999C804EFBB71E99C208CC8CC7398B87D38B0D81B8,'1060272312101902242533526336907492863976323',NULL,0),(5,'PengKe@armyspy.com','Peng ','KÃª','','2129 Victoria Park Ave','','Toronto','ON','M2J3T7','647-296-4957','',0x9B6899507CFA312BC43682999C804EFBB71E99C208CC8CC7398B87D38B0D81B8,'1060272312101902242533526336907492863976323',NULL,0),(6,'NasihUtbahRahal@teleworm.us','Nasih ','Utbah Rahal','','321 Reserve St','','Douglas','ON','K0J1S0','613-649-0493','',0x9B6899507CFA312BC43682999C804EFBB71E99C208CC8CC7398B87D38B0D81B8,'1060272312101902242533526336907492863976323',NULL,0),(7,'NicolasCarignan@dayrep.com','Nicolas','Carignan','','456 rue de la GauchetiÃ¨re','','Montreal','QC','H3B2M3','733 458 863','',0x9B6899507CFA312BC43682999C804EFBB71E99C208CC8CC7398B87D38B0D81B8,'1060272312101902242533526336907492863976323',NULL,0),(8,'KarelBelisle@teleworm.us','Karel','Belisle','','2051 Yonge Street','','Toronto','ON','M4W1J7','416-962-3849','',0x9B6899507CFA312BC43682999C804EFBB71E99C208CC8CC7398B87D38B0D81B8,'1060272312101902242533526336907492863976323',NULL,0),(9,'IzaakNowak@teleworm.us','Izaak','Nowak','','4730 Papineau Avenue','','Montreal','QC','H2K4J5','514-862-8809','',0x9B6899507CFA312BC43682999C804EFBB71E99C208CC8CC7398B87D38B0D81B8,'1060272312101902242533526336907492863976323',NULL,0),(10,'FedericoSal@rhyta.com','Federico','Sal','','2598 Silver Springs Blvd','','Calgary','AB','T3B2C3','403-202-0769','',0x9B6899507CFA312BC43682999C804EFBB71E99C208CC8CC7398B87D38B0D81B8,'1060272312101902242533526336907492863976323',NULL,0),(11,'AnnaOsterhagen@armyspy.com','Anna ','Osterhagen','','1359 Sixth Street','','New Westminister','BC','V3L3C1','604-209-4796','',0x9B6899507CFA312BC43682999C804EFBB71E99C208CC8CC7398B87D38B0D81B8,'1060272312101902242533526336907492863976323',NULL,0),(12,'FaithSummers@armyspy.com','Faith ','Summers','','4876 Runnymede Rd','','Toronto','ON','M6S2Z7','416-762-8216','',0x9B6899507CFA312BC43682999C804EFBB71E99C208CC8CC7398B87D38B0D81B8,'1060272312101902242533526336907492863976323',NULL,0),(13,'CarrieEZayas@teleworm.us','Carrie','Zayas','','2581 Sixth Street','','New Westminster','BC','V3L3C1','604-526-9617','',0x9B6899507CFA312BC43682999C804EFBB71E99C208CC8CC7398B87D38B0D81B8,'1060272312101902242533526336907492863976323',NULL,0),(14,'IvoryGCollins@jourrapide.com','Ivory ','Collins','','873 Reserve St','','Westmeath','ON','K0J2L0','613-587-0958','',0x9B6899507CFA312BC43682999C804EFBB71E99C208CC8CC7398B87D38B0D81B8,'1060272312101902242533526336907492863976323',NULL,0),(15,'WesleyJJones@dayrep.com','Wesley','Jones','','2948 184th Street','','Edmonton','AB','T5J2R4','780-910-8269','',0x9B6899507CFA312BC43682999C804EFBB71E99C208CC8CC7398B87D38B0D81B8,'1060272312101902242533526336907492863976323',NULL,0),(16,'ShawnSGarcia@armyspy.com','Shawn','Garcia','','4946 Tanner Street','','Vancouver','BC','V5R2T4','604-451-7123','',0x9B6899507CFA312BC43682999C804EFBB71E99C208CC8CC7398B87D38B0D81B8,'1060272312101902242533526336907492863976323',NULL,0),(17,'ChrisKRichardson@teleworm.us','Chris','Richardson','','4196 Steeles Ave','','Toronto','ON','M3J3A8','416-987-9017','',0x9B6899507CFA312BC43682999C804EFBB71E99C208CC8CC7398B87D38B0D81B8,'1060272312101902242533526336907492863976323',NULL,0),(18,'MaleneEBak@jourrapide.com','Malene','Bak','','3959 Brook St','','West Leicester','NS','B4H3Y6','902-669-8678','',0x9B6899507CFA312BC43682999C804EFBB71E99C208CC8CC7398B87D38B0D81B8,'1060272312101902242533526336907492863976323',NULL,0),(19,'MarthaMedhanie@teleworm.us','Martha','Medhanie','','357 Shaughnessy St','','Port Coquitlam','BC','V3C4S7','604-945-0261','',0x9B6899507CFA312BC43682999C804EFBB71E99C208CC8CC7398B87D38B0D81B8,'1060272312101902242533526336907492863976323',NULL,0),(20,'MebratSebhat@rhyta.com','Mebrat','Sebhat','','2322 Lynden Road','','Mount Hope','ON','L0R1W0','905-679-1295','',0x9B6899507CFA312BC43682999C804EFBB71E99C208CC8CC7398B87D38B0D81B8,'1060272312101902242533526336907492863976323',NULL,0),(21,'GilbertJButler@teleworm.us','Gilbert','Butler','','1758 Mountain Avenue','','Winkler','AB','R6W1R1','204-331-4108','',0x9B6899507CFA312BC43682999C804EFBB71E99C208CC8CC7398B87D38B0D81B8,'1060272312101902242533526336907492863976323',NULL,0),(22,'test@test.com','Test','Testing','','123 Test St.','','Test Mount','QC','T3S1N6','555-555-5555','',0x9B6899507CFA312BC43682999C804EFBB71E99C208CC8CC7398B87D38B0D81B8,'1060272312101902242533526336907492863976323',NULL,0),(23,'test2@gmail.com','Test','Testing','','123 Test st.','','Test Mount','QC','T3S1N6','5555555555','',0x9B6899507CFA312BC43682999C804EFBB71E99C208CC8CC7398B87D38B0D81B8,'1060272312101902242533526336907492863976323',NULL,0);
INSERT INTO `shopping_cart` VALUES (2,2),(3,3),(4,4),(5,5),(6,6),(7,7),(8,8),(9,9),(10,10),(11,11),(12,12),(13,13),(14,14),(15,15),(16,16),(17,17),(18,18),(19,19),(20,20),(21,21),(22,22),(23,23);
INSERT INTO `order` VALUES (2,2,0.48,0.07,0.55,'2019-03-17'),(3,2,17.82,2.67,20.49,'2019-03-17'),(4,3,18.94,2.84,21.78,'2019-03-17'),(5,4,11.56,1.73,13.29,'2019-03-17'),(6,6,10.01,1.50,11.51,'2019-03-17'),(7,6,9.83,1.47,11.30,'2019-03-17'),(8,6,14.06,2.11,16.17,'2019-03-17'),(9,7,1.25,0.19,1.44,'2019-03-17'),(10,10,13.80,2.07,15.87,'2019-03-17'),(11,10,7.77,1.17,8.94,'2019-03-17'),(12,13,7.08,1.06,8.14,'2019-03-17'),(13,13,25.78,3.87,29.65,'2019-03-17'),(14,14,7.13,1.07,8.20,'2019-03-17'),(15,14,5.81,0.87,6.68,'2019-03-17'),(16,16,1.35,0.20,1.55,'2019-03-17'),(17,16,1.88,0.28,2.16,'2019-03-17'),(18,16,15.98,2.40,18.38,'2019-03-17'),(19,20,5.94,0.89,6.83,'2019-03-17'),(20,20,10.05,1.51,11.56,'2019-03-17'),(21,21,20.52,3.08,23.60,'2019-03-17'),(22,21,16.15,2.42,18.57,'2019-03-17');
INSERT INTO `order_item` VALUES (2,18,2.64),(2,19,2.64),(3,6,3.30),(3,14,3.30),(3,19,3.30),(4,14,3.83),(19,12,3.15),(20,12,2.52),(22,12,1.41),(23,4,4.62),(43,21,2.06),(47,18,2.93),(54,16,1.35),(56,8,3.97),(70,8,7.44),(83,4,9.83),(83,7,9.83),(83,10,9.83),(84,8,2.65),(91,18,2.37),(92,5,5.65),(93,20,9.49),(95,4,3.24),(96,5,5.91),(99,4,1.25),(99,9,1.25),(105,3,3.10),(110,13,1.43),(110,22,1.43),(113,17,1.88),(119,21,5.35),(126,2,0.48),(127,3,7.77),(127,11,7.77),(127,13,7.77),(127,22,7.77),(137,18,8.04),(138,20,0.56),(140,15,0.92),(142,13,9.63),(144,15,4.89),(147,6,6.71),(157,10,3.97),(158,21,9.83),(162,21,3.28),(165,3,6.95),(165,13,6.95),(165,22,6.95);
INSERT INTO `ads` VALUES (1,'/resources/images/osheaga-ads.jpg', CONCAT('https:/','/www.osheaga.com/en'),1,0),(2,'/resources/images/jazz-festival.jpg',CONCAT('https:/','/www.montrealjazzfest.com/'),0,1);
INSERT INTO `news` VALUES (1,CONCAT('https:/','/www.nasa.gov/rss/dyn/breaking_news.rss'),1);
INSERT INTO `review` VALUES (1,2,1,'2019-03-17',5,'Amazing album, my favorite song is I LIKE IT!', true),(2,2,2,'2019-03-17',4,'Has nice beat!', true),(3,2,68,'2019-03-17',5,'Love it!', true),(4,3,3,'2019-03-17',1,'Not my favorite:(!', true),(5,3,4,'2019-03-17',5,'WOWOWOWOW!', true),(6,3,1,'2019-03-17',1,'I would not get it!', true),(7,3,57,'2019-03-17',3,'Bought it for my friend, she liked it!', true),(8,2,4,'2019-03-17',3,'Pretty good!', true),(9,2,89,'2019-03-17',5,'Great song!', true),(10,2,40,'2019-03-17',5,'Love it!', true);

